John Doe,johndoe@example.com,25
Jane Smith,janesmith@example.com,32
Michael Brown,michael.brown@example.com,29
Emily Davis,emily.davis@example.com,23
Daniel Wilson,daniel.wilson@example.com,35
Sophia Martinez,sophia.martinez@example.com,28
Matthew Taylor,matthew.taylor@example.com,31
Olivia Anderson,olivia.anderson@example.com,27
James Thomas,james.thomas@example.com,26
Isabella Jackson,isabella.jackson@example.com,24
William White,william.white@example.com,30
Mia Harris,mia.harris@example.com,22
Alexander Clark,alexander.clark@example.com,33
William White,william.white@example.com,30
Emily Davis,emily.davis@example.com,23
Charlotte Lewis,charlotte.lewis@example.com,21
Benjamin Lee,benjamin.lee@example.com,34
William White,william.white@example.com,30
Amelia Walker,amelia.walker@example.com,20
Lucas Hall,lucas.hall@example.com,28
Abigail Young,abigail.young@example.com,26
Henry King,henry.king@example.com,27
Ella Wright,ella.wright@example.com,25
Sebastian Scott,sebastian.scott@example.com,29
Grace Green,grace.green@example.com,24
Jack Baker,jack.baker@example.com,30
Zoe Adams,zoe.adams@example.com,22
Grace Green,grace.green@example.com,24
Aiden Nelson,aiden.nelson@example.com,31
Lily Carter,lily.carter@example.com,23
Jackson Mitchell,jackson.mitchell@example.com,34
Avery Perez,avery.perez@example.com,28
Avery Perez,avery.perez@example.com,28
David Roberts,david.roberts@example.com,29
Scarlett Phillips,scarlett.phillips@example.com,32
Scarlett Phillips,scarlett.phillips@example.com,32
